Province,Centre,Census Subdivision,Singles,Semis,Row,Apartment and Other,Total
Nfld.Lab.,St. John's,Conception Bay South (T),118,18,0,0,136
Nfld.Lab.,St. John's,Portugal Cove-St. Philip's (T),44,0,0,0,44
Nfld.Lab.,St. John's,Pouch Cove (T),15,0,0,0,15
Nfld.Lab.,St. John's,Flatrock (T),15,0,5,0,20
Nfld.Lab.,St. John's,Torbay (T),16,0,0,0,16
Nfld.Lab.,St. John's,Logy Bay-Middle Cove-Outer Cove (T),26,0,0,0,26
Nfld.Lab.,St. John's,Bauline (T),3,0,0,0,3
Nfld.Lab.,St. John's,Paradise (T),108,20,3,1,132
Nfld.Lab.,St. John's,St. John's (CY),196,12,14,92,314
Nfld.Lab.,St. John's,Mount Pearl (CY),16,0,0,0,16
Nfld.Lab.,St. John's,Petty Harbour-Maddox Cove (T),1,0,0,0,1
Nfld.Lab.,St. John's,Bay Bulls (T),5,0,0,0,5
Nfld.Lab.,St. John's,Witless Bay (T),5,0,0,0,5
Nfld.Lab.,St. John's,Total,568,50,22,93,733
Nfld.Lab.,Bay Roberts,Upper Island Cove (T),5,0,0,0,5
Nfld.Lab.,Bay Roberts,Bishop's Cove (T),0,0,0,0,0
Nfld.Lab.,Bay Roberts,Spaniard's Bay (T),6,0,0,3,9
Nfld.Lab.,Bay Roberts,Bay Roberts (T),13,0,0,0,13
Nfld.Lab.,Bay Roberts,North River (T),0,0,0,0,0
Nfld.Lab.,Bay Roberts,Total,24,0,0,3,27
Nfld.Lab.,Corner Brook,"Division No.  5, Subd. F (SNO)",0,0,0,0,0
Nfld.Lab.,Corner Brook,Steady Brook (T),0,0,0,0,0
Nfld.Lab.,Corner Brook,Pasadena (T),0,0,0,0,0
Nfld.Lab.,Corner Brook,Gillams (T),0,0,0,0,0
Nfld.Lab.,Corner Brook,Massey Drive (T),1,0,0,0,1
Nfld.Lab.,Corner Brook,Corner Brook (CY),1,0,0,2,3
Nfld.Lab.,Corner Brook,Humber Arm South (T),1,0,0,0,1
Nfld.Lab.,Corner Brook,McIvers (T),0,0,0,0,0
Nfld.Lab.,Corner Brook,Meadows (T),0,0,0,0,0
Nfld.Lab.,Corner Brook,Hughes Brook (T),0,0,0,0,0
Nfld.Lab.,Corner Brook,Irishtown-Summerside (T),0,0,0,0,0
Nfld.Lab.,Corner Brook,Mount Moriah (T),0,0,0,0,0
Nfld.Lab.,Corner Brook,Total,3,0,0,2,5
Nfld.Lab.,Gander,"Division No.  6, Subd. E (SNO)",0,0,0,0,0
Nfld.Lab.,Gander,Gander (T),25,0,0,8,33
Nfld.Lab.,Gander,Appleton (T),2,0,0,0,2
Nfld.Lab.,Gander,Glenwood (T),2,0,0,0,2
Nfld.Lab.,Gander,Total,29,0,0,8,37
Nfld.Lab.,Grand Falls-Windsor,Grand Falls-Windsor (T),13,0,0,6,19
Nfld.Lab.,Grand Falls-Windsor,Total,13,0,0,6,19
Nfld.Lab.,Total,Total,637,50,22,112,821
P.E.I.,Charlottetown,Crossroads (FD),17,2,0,0,19
P.E.I.,Charlottetown,Hazelbrook (RM),1,0,0,0,1
P.E.I.,Charlottetown,Alexandra (RM),1,0,0,0,1
P.E.I.,Charlottetown,Johnstons River (FD),0,0,0,0,0
P.E.I.,Charlottetown,North Wiltshire (RM),2,0,0,0,2
P.E.I.,Charlottetown,Hampshire (RM),1,0,0,0,1
P.E.I.,Charlottetown,Kingston (RM),1,0,0,0,1
P.E.I.,Charlottetown,New Haven-Riverdale (RM),0,0,0,0,0
P.E.I.,Charlottetown,Bonshaw (RM),1,0,0,0,1
P.E.I.,Charlottetown,West River (RM),3,0,0,0,3
P.E.I.,Charlottetown,Afton (RM),25,0,0,0,25
P.E.I.,Charlottetown,Meadowbank (RM),1,0,0,0,1
P.E.I.,Charlottetown,Darlington (RM),2,0,0,0,2
P.E.I.,Charlottetown,Clyde River (RM),6,0,0,0,6
P.E.I.,Charlottetown,Miltonvale Park (RM),1,0,0,0,1
P.E.I.,Charlottetown,Union Road (RM),0,0,0,0,0
P.E.I.,Charlottetown,Brackley (RM),0,0,0,0,0
P.E.I.,Charlottetown,Mount Stewart (RM),1,0,0,0,1
P.E.I.,Charlottetown,York (RM),1,0,0,0,1
P.E.I.,Charlottetown,"East River,  Part 1 (FD)",15,0,0,0,15
P.E.I.,Charlottetown,North Shore (RM),14,0,0,0,14
P.E.I.,Charlottetown,Winsloe North (FD),0,0,0,0,0
P.E.I.,Charlottetown,Warren Grove (RM),4,0,0,0,4
P.E.I.,Charlottetown,North River (FD),1,0,0,0,1
P.E.I.,Charlottetown,North Shore (FD),3,0,0,0,3
P.E.I.,Charlottetown,Charlottetown (CY),75,100,59,200,434
P.E.I.,Charlottetown,Stratford (T),45,20,51,0,116
P.E.I.,Charlottetown,Cornwall (T),17,6,8,0,31
P.E.I.,Charlottetown,Total,238,128,118,200,684
P.E.I.,Summerside,St. Nicolas (RM),1,0,0,0,1
P.E.I.,Summerside,Linkletter (COM),1,0,0,0,1
P.E.I.,Summerside,Miscouche (COM),6,0,0,0,6
P.E.I.,Summerside,Summerside (CY),35,64,72,103,274
P.E.I.,Summerside,Miscouche (FD),2,0,0,0,2
P.E.I.,Summerside,Total,45,64,72,103,284
P.E.I.,Total,Total,283,192,190,303,968
N.S.,Halifax,Halifax (RGM),775,68,181,2363,3387
N.S.,Halifax,Total,775,68,181,2363,3387
N.S.,Cape Breton,Cape Breton (RGM),118,22,3,30,173
N.S.,Cape Breton,Total,118,22,3,30,173
N.S.,Chester MD,Chester (MD),55,0,0,0,55
N.S.,Chester MD,Total,55,0,0,0,55
N.S.,East Hants MD,East Hants (MD),214,44,73,70,401
N.S.,East Hants MD,Total,214,44,73,70,401
N.S.,"Kings, Subd. A SC","Kings, Subd. A (SC)",54,12,4,43,113
N.S.,"Kings, Subd. A SC",Total,54,12,4,43,113
N.S.,Lunenburg MD,Lunenburg (MD),136,0,0,2,138
N.S.,Lunenburg MD,Total,136,0,0,2,138
N.S.,Queens RGM,Queens (RGM),31,0,0,4,35
N.S.,Queens RGM,Total,31,0,0,4,35
N.S.,West Hants RM,West Hants (RM),108,8,2,4,122
N.S.,West Hants RM,Total,108,8,2,4,122
N.S.,Kentville,"Kings, Subd. C (SC)",24,6,0,2,32
N.S.,Kentville,Kentville (T),7,4,12,0,23
N.S.,Kentville,"Kings, Subd. B (SC)",34,10,0,10,54
N.S.,Kentville,Total,65,20,12,12,109
N.S.,New Glasgow,"Pictou, Subd. B (SC)",18,0,0,2,20
N.S.,New Glasgow,Westville (T),3,0,0,0,3
N.S.,New Glasgow,Stellarton (T),3,4,4,7,18
N.S.,New Glasgow,"Pictou, Subd. C (SC)",35,0,0,82,117
N.S.,New Glasgow,New Glasgow (T),14,0,4,5,23
N.S.,New Glasgow,Trenton (T),1,0,0,4,5
N.S.,New Glasgow,Total,74,4,8,100,186
N.S.,Truro,"Colchester, Subd. C (SC)",13,4,6,0,23
N.S.,Truro,Truro (T),8,2,0,80,90
N.S.,Truro,"Colchester, Subd. B (SC)",42,0,3,0,45
N.S.,Truro,Total,63,6,9,80,158
N.S.,Total,Total,1693,184,292,2708,4877
N.B.,Moncton,Hopewell (P),0,0,0,0,0
N.B.,Moncton,Elgin (P),3,0,0,0,3
N.B.,Moncton,Hillsborough (VL),5,0,0,0,5
N.B.,Moncton,Coverdale (P),25,2,0,0,27
N.B.,Moncton,Riverview (TV),38,22,10,85,155
N.B.,Moncton,Hillsborough (P),2,0,0,0,2
N.B.,Moncton,Dorchester (VL),0,0,0,0,0
N.B.,Moncton,Dorchester (P),0,0,0,0,0
N.B.,Moncton,Memramcook (VL),34,0,4,0,38
N.B.,Moncton,Moncton (P),71,4,0,0,75
N.B.,Moncton,Moncton (C),101,66,88,902,1157
N.B.,Moncton,Salisbury (VL),7,0,0,0,7
N.B.,Moncton,Dieppe (C),27,42,169,321,559
N.B.,Moncton,Saint-Paul (P),0,0,0,0,0
N.B.,Moncton,Total,313,136,271,1308,2028
N.B.,Saint John,Saint Martins (P),6,0,0,0,6
N.B.,Saint John,St. Martins (VL),1,0,0,0,1
N.B.,Saint John,Simonds (P),12,0,0,0,12
N.B.,Saint John,Saint John (C),53,2,7,247,309
N.B.,Saint John,Musquash (P),7,0,0,0,7
N.B.,Saint John,Lepreau (P),4,0,0,0,4
N.B.,Saint John,Petersville (P),2,0,0,0,2
N.B.,Saint John,Upham (P),4,0,0,0,4
N.B.,Saint John,Hampton (TV),15,0,0,0,15
N.B.,Saint John,Hampton (P),20,0,0,48,68
N.B.,Saint John,Rothesay (TV),1,0,0,0,1
N.B.,Saint John,Westfield (P),11,0,0,0,11
N.B.,Saint John,Kingston (P),19,0,0,0,19
N.B.,Saint John,Grand Bay-Westfield (TV),9,0,27,0,36
N.B.,Saint John,Norton (P),9,2,0,0,11
N.B.,Saint John,Greenwich (P),5,0,0,0,5
N.B.,Saint John,Rothesay (P),14,0,0,0,14
N.B.,Saint John,Quispamsis (TV),75,8,0,0,83
N.B.,Saint John,Total,267,12,34,295,608
N.B.,Fredericton,Gladstone (P),1,0,0,0,1
N.B.,Fredericton,Tracy (VL),3,0,0,0,3
N.B.,Fredericton,Lincoln (P),61,0,0,0,61
N.B.,Fredericton,Maugerville (P),5,0,0,0,5
N.B.,Fredericton,New Maryland (VL),13,0,0,0,13
N.B.,Fredericton,New Maryland (P),10,6,0,0,16
N.B.,Fredericton,Manners Sutton (P),13,0,0,0,13
N.B.,Fredericton,Harvey (VL),0,0,0,0,0
N.B.,Fredericton,Hanwell (RCR),30,0,0,0,30
N.B.,Fredericton,Kingsclear (P),0,0,0,0,0
N.B.,Fredericton,Queensbury (P),4,0,0,0,4
N.B.,Fredericton,Bright (P),21,0,0,0,21
N.B.,Fredericton,Douglas (P),0,0,0,0,0
N.B.,Fredericton,Saint Marys (P),38,0,0,0,38
N.B.,Fredericton,Fredericton (C),165,10,76,843,1094
N.B.,Fredericton,Total,364,16,76,843,1299
N.B.,Tracadie MRM,Tracadie (MRM),17,0,18,24,59
N.B.,Tracadie MRM,Total,17,0,18,24,59
N.B.,Bathurst,Bathurst (P),10,0,0,0,10
N.B.,Bathurst,Bathurst (C),8,0,0,0,8
N.B.,Bathurst,Beresford (TV),15,0,0,0,15
N.B.,Bathurst,Pointe-Verte (VL),1,0,0,0,1
N.B.,Bathurst,Petit-Rocher (VL),2,0,0,5,7
N.B.,Bathurst,Beresford (P),4,0,0,0,4
N.B.,Bathurst,Nigadoo (VL),3,0,0,0,3
N.B.,Bathurst,Total,43,0,0,5,48
N.B.,Campbellton,Dalhousie (P),2,0,0,0,2
N.B.,Campbellton,Addington (P),0,0,0,0,0
N.B.,Campbellton,Atholville (VL),4,0,0,0,4
N.B.,Campbellton,Campbellton (C),1,0,0,0,1
N.B.,Campbellton,Tide Head (VL),1,0,0,0,1
N.B.,Campbellton,Total,8,0,0,0,8
N.B.,Edmundston,Rivière-Verte (VL),0,0,0,0,0
N.B.,Edmundston,Rivière-Verte (P),0,0,0,0,0
N.B.,Edmundston,Saint-Basile (P),0,0,0,0,0
N.B.,Edmundston,Saint-Joseph (P),0,0,0,0,0
N.B.,Edmundston,Saint-Jacques (P),0,0,0,0,0
N.B.,Edmundston,Edmundston (C),0,0,0,0,0
N.B.,Edmundston,Haut-Madawaska (RCR),0,0,0,0,0
N.B.,Edmundston,Total,0,0,0,0,0
N.B.,Miramichi,Glenelg (P),3,0,0,0,3
N.B.,Miramichi,Chatham (P),1,0,0,0,1
N.B.,Miramichi,Derby (P),4,0,0,0,4
N.B.,Miramichi,Nelson (P),4,0,0,0,4
N.B.,Miramichi,Southesk (P),3,0,0,0,3
N.B.,Miramichi,Northesk (P),4,0,0,0,4
N.B.,Miramichi,Newcastle (P),1,0,0,0,1
N.B.,Miramichi,Miramichi (C),22,2,14,58,96
N.B.,Miramichi,Total,42,2,14,58,116
N.B.,Total,Total,1054,166,413,2533,4166
Que,Saguenay,Saguenay (V),164,162,4,90,420
Que,Saguenay,Saint-Félix-d'Otis (MÉ),18,0,0,0,18
Que,Saguenay,Sainte-Rose-du-Nord (PE),5,0,0,0,5
Que,Saguenay,Saint-Fulgence (MÉ),10,0,0,0,10
Que,Saguenay,Saint-Honoré (V),43,18,0,4,65
Que,Saguenay,Saint-David-de-Falardeau (MÉ),26,2,0,8,36
Que,Saguenay,Bégin (MÉ),4,0,0,0,4
Que,Saguenay,Saint-Charles-de-Bourget (MÉ),5,0,0,0,5
Que,Saguenay,Larouche (MÉ),14,0,0,0,14
Que,Saguenay,Total,289,182,4,102,577
Que,Montréal,Lavaltrie (V),57,38,16,44,155
Que,Montréal,Richelieu (V),6,0,0,14,20
Que,Montréal,Saint-Mathias-sur-Richelieu (MÉ),12,0,0,2,14
Que,Montréal,Saint-Jean-sur-Richelieu (V),82,26,8,386,502
Que,Montréal,Chambly (V),14,0,0,12,26
Que,Montréal,Carignan (V),34,0,0,2,36
Que,Montréal,Saint-Basile-le-Grand (V),6,0,0,8,14
Que,Montréal,McMasterville (MÉ),1,0,0,56,57
Que,Montréal,Otterburn Park (V),10,44,0,176,230
Que,Montréal,Mont-Saint-Hilaire (V),21,4,0,0,25
Que,Montréal,Beloeil (V),9,4,4,136,153
Que,Montréal,Saint-Mathieu-de-Beloeil (MÉ),22,0,0,0,22
Que,Montréal,Brossard (V),41,2,9,640,692
Que,Montréal,Saint-Lambert (V),2,0,0,0,2
Que,Montréal,Boucherville (V),23,0,0,0,23
Que,Montréal,Saint-Bruno-de-Montarville (V),10,0,0,127,137
Que,Montréal,Longueuil (V),59,80,30,1112,1281
Que,Montréal,Sainte-Julie (V),12,18,32,238,300
Que,Montréal,Saint-Amable (MÉ),12,32,9,14,67
Que,Montréal,Varennes (V),3,0,0,55,58
Que,Montréal,Verchères (MÉ),5,0,0,2,7
Que,Montréal,Charlemagne (V),0,0,0,96,96
Que,Montréal,Repentigny (V),12,0,0,204,216
Que,Montréal,Saint-Sulpice (PE),2,0,0,5,7
Que,Montréal,L'Assomption (V),33,4,0,129,166
Que,Montréal,L'Épiphanie (V),6,0,0,9,15
Que,Montréal,Saint-Lin--Laurentides (V),135,0,0,250,385
Que,Montréal,Terrebonne (V),76,0,20,1171,1267
Que,Montréal,Mascouche (V),43,0,0,637,680
Que,Montréal,Laval (V),197,4,48,2135,2384
Que,Montréal,Montréal-Est (V),0,0,0,24,24
Que,Montréal,Montréal (V),69,14,108,9236,9427
Que,Montréal,Westmount (V),0,0,0,2,2
Que,Montréal,Montréal-Ouest (V),0,0,0,0,0
Que,Montréal,Côte-Saint-Luc (V),1,0,0,0,1
Que,Montréal,Hampstead (V),3,0,0,0,3
Que,Montréal,Mont-Royal (V),1,0,0,0,1
Que,Montréal,Dorval (V),11,2,0,190,203
Que,Montréal,L'Île-Dorval (V),0,0,0,0,0
Que,Montréal,Pointe-Claire (V),11,0,7,633,651
Que,Montréal,Kirkland (V),1,0,0,0,1
Que,Montréal,Beaconsfield (V),13,0,0,0,13
Que,Montréal,Baie-D'Urfé (V),3,0,0,0,3
Que,Montréal,Sainte-Anne-de-Bellevue (V),0,0,0,0,0
Que,Montréal,Senneville (VL),5,0,0,0,5
Que,Montréal,Dollard-Des Ormeaux (V),4,0,0,98,102
Que,Montréal,Saint-Mathieu (MÉ),10,0,0,30,40
Que,Montréal,Saint-Philippe (V),14,26,3,24,67
Que,Montréal,La Prairie (V),4,0,28,49,81
Que,Montréal,Candiac (V),6,0,61,294,361
Que,Montréal,Delson (V),3,2,0,96,101
Que,Montréal,Sainte-Catherine (V),2,0,0,42,44
Que,Montréal,Saint-Constant (V),7,16,12,432,467
Que,Montréal,Saint-Isidore (PE),1,0,12,8,21
Que,Montréal,Mercier (V),11,22,0,0,33
Que,Montréal,Châteauguay (V),33,10,7,129,179
Que,Montréal,Léry (V),6,2,0,0,8
Que,Montréal,Beauharnois (V),8,2,71,105,186
Que,Montréal,Saint-Zotique (MÉ),15,2,3,52,72
Que,Montréal,Les Coteaux (MÉ),5,0,24,49,78
Que,Montréal,Coteau-du-Lac (V),16,10,3,2,31
Que,Montréal,Les Cèdres (MÉ),7,0,0,0,7
Que,Montréal,Pointe-des-Cascades (VL),2,0,0,0,2
Que,Montréal,L'Île-Perrot (V),0,2,0,6,8
Que,Montréal,Notre-Dame-de-l'Île-Perrot (V),39,2,12,0,53
Que,Montréal,Pincourt (V),2,0,0,59,61
Que,Montréal,Terrasse-Vaudreuil (MÉ),0,0,0,0,0
Que,Montréal,Vaudreuil-Dorion (V),28,0,48,35,111
Que,Montréal,Vaudreuil-sur-le-Lac (VL),3,0,0,0,3
Que,Montréal,L'Île-Cadieux (V),0,0,0,0,0
Que,Montréal,Hudson (V),40,0,0,30,70
Que,Montréal,Saint-Lazare (V),15,0,0,18,33
Que,Montréal,Saint-Eustache (V),23,60,7,87,177
Que,Montréal,Deux-Montagnes (V),15,4,3,111,133
Que,Montréal,Sainte-Marthe-sur-le-Lac (V),54,40,12,162,268
Que,Montréal,Pointe-Calumet (MÉ),1,0,0,0,1
Que,Montréal,Saint-Joseph-du-Lac (MÉ),12,14,0,12,38
Que,Montréal,Oka (MÉ),16,0,0,8,24
Que,Montréal,Saint-Placide (MÉ),7,0,0,0,7
Que,Montréal,Boisbriand (V),9,2,8,175,194
Que,Montréal,Sainte-Thérèse (V),0,0,0,14,14
Que,Montréal,Blainville (V),27,2,22,100,151
Que,Montréal,Rosemère (V),12,0,0,24,36
Que,Montréal,Lorraine (V),3,0,0,0,3
Que,Montréal,Bois-des-Filion (V),15,8,0,3,26
Que,Montréal,Sainte-Anne-des-Plaines (V),18,0,0,55,73
Que,Montréal,Mirabel (V),99,14,171,366,650
Que,Montréal,Saint-Colomban (V),79,0,0,26,105
Que,Montréal,Saint-Jérôme (V),49,2,28,530,609
Que,Montréal,Gore (CT),50,0,0,0,50
Que,Montréal,Total,1833,514,826,20976,24149
Que,Gatineau,Thurso (V),4,20,0,75,99
Que,Gatineau,Lochaber (CT),0,0,0,0,0
Que,Gatineau,Lochaber-Partie-Ouest (CT),0,0,0,0,0
Que,Gatineau,Mayo (MÉ),18,0,0,0,18
Que,Gatineau,Val-des-Bois (MÉ),0,0,0,0,0
Que,Gatineau,Bowman (MÉ),9,0,0,0,9
Que,Gatineau,Gatineau (V),99,69,10,3110,3288
Que,Gatineau,L'Ange-Gardien (MÉ),106,0,0,10,116
Que,Gatineau,Notre-Dame-de-la-Salette (MÉ),5,0,0,0,5
Que,Gatineau,Val-des-Monts (MÉ),142,12,0,29,183
Que,Gatineau,Cantley (MÉ),86,0,3,8,97
Que,Gatineau,Chelsea (MÉ),78,0,4,8,90
Que,Gatineau,Pontiac (MÉ),9,0,0,0,9
Que,Gatineau,La Pêche (MÉ),51,2,8,11,72
Que,Gatineau,Denholm (MÉ),5,0,0,0,5
Que,Gatineau,Total,612,103,25,3251,3991
Que,Québec,Saint-Henri (MÉ),23,0,0,18,41
Que,Québec,Beaumont (MÉ),17,0,0,0,17
Que,Québec,Saint-François-de-l'Île-d'Orléans (MÉ),4,0,0,0,4
Que,Québec,Sainte-Famille-de-l'Île-d'Orléans (MÉ),0,0,0,0,0
Que,Québec,Saint-Jean-de-l'Île-d'Orléans (MÉ),4,0,0,0,4
Que,Québec,Saint-Laurent-de-l'Île-d'Orléans (MÉ),3,0,0,0,3
Que,Québec,Saint-Pierre-de-l'Île-d'Orléans (MÉ),0,0,0,0,0
Que,Québec,Sainte-Pétronille (VL),1,0,0,0,1
Que,Québec,Château-Richer (V),12,12,4,0,28
Que,Québec,L'Ange-Gardien (MÉ),13,0,10,1,24
Que,Québec,Boischatel (MÉ),90,12,0,2,104
Que,Québec,Sainte-Catherine-de-la-Jacques-Cartier (V),79,106,0,9,194
Que,Québec,Fossambault-sur-le-Lac (V),34,4,0,1,39
Que,Québec,Lac-Saint-Joseph (V),12,0,0,0,12
Que,Québec,Shannon (V),47,18,0,1,66
Que,Québec,Saint-Gabriel-de-Valcartier (MÉ),20,0,0,1,21
Que,Québec,Lac-Delage (V),2,0,0,0,2
Que,Québec,Stoneham-et-Tewkesbury (CU),38,16,0,15,69
Que,Québec,Lac-Beauport (MÉ),21,0,0,1,22
Que,Québec,Sainte-Brigitte-de-Laval (V),25,28,0,0,53
Que,Québec,Notre-Dame-des-Anges (PE),0,0,0,0,0
Que,Québec,Québec (V),224,408,31,3813,4476
Que,Québec,L'Ancienne-Lorette (V),1,0,0,46,47
Que,Québec,Saint-Augustin-de-Desmaures (V),8,4,0,0,12
Que,Québec,Lévis (V),194,170,60,2575,2999
Que,Québec,Saint-Lambert-de-Lauzon (MÉ),23,0,0,0,23
Que,Québec,Saint-Antoine-de-Tilly (MÉ),8,0,0,0,8
Que,Québec,Neuville (V),9,12,0,0,21
Que,Québec,Total,912,790,105,6483,8290
Que,Sherbrooke,Ascot Corner (MÉ),22,4,0,7,33
Que,Sherbrooke,Stoke (MÉ),11,0,0,0,11
Que,Sherbrooke,Saint-Denis-de-Brompton (MÉ),52,10,0,21,83
Que,Sherbrooke,Val-Joli (MÉ),0,0,0,0,0
Que,Sherbrooke,Sherbrooke (V),131,170,16,1030,1347
Que,Sherbrooke,Compton (MÉ),11,2,0,0,13
Que,Sherbrooke,Waterville (V),10,8,0,12,30
Que,Sherbrooke,North Hatley (VL),2,0,0,0,2
Que,Sherbrooke,Hatley (CT),17,0,0,2,19
Que,Sherbrooke,Magog (V),70,4,4,53,131
Que,Sherbrooke,Orford (CT),53,16,0,13,82
Que,Sherbrooke,Total,379,214,20,1138,1751
Que,Trois-Rivières,Trois-Rivières (V),156,96,1,669,922
Que,Trois-Rivières,Champlain (MÉ),7,2,0,0,9
Que,Trois-Rivières,Saint-Luc-de-Vincennes (MÉ),0,0,0,0,0
Que,Trois-Rivières,Saint-Maurice (PE),11,0,33,0,44
Que,Trois-Rivières,Bécancour (V),87,12,0,77,176
Que,Trois-Rivières,Yamachiche (MÉ),2,0,0,0,2
Que,Trois-Rivières,Total,263,110,34,746,1153
Que,Drummondville,Lefebvre (MÉ),2,0,0,0,2
Que,Drummondville,L'Avenir (MÉ),14,0,0,0,14
Que,Drummondville,Saint-Lucien (MÉ),14,0,0,0,14
Que,Drummondville,Wickham (MÉ),4,0,0,4,8
Que,Drummondville,Saint-Germain-de-Grantham (MÉ),6,2,0,14,22
Que,Drummondville,Drummondville (V),230,128,0,454,812
Que,Drummondville,Saint-Cyrille-de-Wendover (MÉ),23,8,0,16,47
Que,Drummondville,Notre-Dame-du-Bon-Conseil (VL),12,0,0,32,44
Que,Drummondville,Notre-Dame-du-Bon-Conseil (PE),1,0,0,0,1
Que,Drummondville,Saint-Majorique-de-Grantham (PE),2,0,0,0,2
Que,Drummondville,Saint-Edmond-de-Grantham (PE),2,0,0,0,2
Que,Drummondville,Total,310,138,0,520,968
Que,Granby,Bromont (V),65,20,0,188,273
Que,Granby,Saint-Alphonse-de-Granby (MÉ),4,12,0,0,16
Que,Granby,Granby (V),76,56,13,555,700
Que,Granby,Roxton Pond (MÉ),52,38,0,1,91
Que,Granby,Saint-Paul-d'Abbotsford (MÉ),3,0,0,0,3
Que,Granby,Total,200,126,13,744,1083
Que,Rimouski,Saint-Narcisse-de-Rimouski (PE),1,0,0,0,1
Que,Rimouski,Saint-Anaclet-de-Lessard (PE),4,0,0,0,4
Que,Rimouski,Rimouski (V),46,16,0,0,62
Que,Rimouski,Saint-Valérien (PE),8,0,0,0,8
Que,Rimouski,Saint-Fabien (PE),3,0,0,0,3
Que,Rimouski,Total,62,16,0,0,78
Que,Saint-Hyacinthe,Saint-Hyacinthe (V),45,20,8,1076,1149
Que,Saint-Hyacinthe,Saint-Dominique (MÉ),2,0,0,26,28
Que,Saint-Hyacinthe,Saint-Simon (MÉ),4,0,0,0,4
Que,Saint-Hyacinthe,Total,51,20,8,1102,1181
Que,Shawinigan,Shawinigan (V),107,4,0,136,247
Que,Shawinigan,Saint-Boniface (MÉ),13,0,0,7,20
Que,Shawinigan,Total,120,4,0,143,267
Que,Amos V,Amos (V),16,0,9,13,38
Que,Amos V,Total,16,0,9,13,38
Que,Gaspé V,Gaspé (V),68,0,0,44,112
Que,Gaspé V,Total,68,0,0,44,112
Que,La Tuque V,La Tuque (V),21,0,0,0,21
Que,La Tuque V,Total,21,0,0,0,21
Que,Les Îles-de-la-Madeleine MÉ,Les Îles-de-la-Madeleine (MÉ),75,16,0,5,96
Que,Les Îles-de-la-Madeleine MÉ,Total,75,16,0,5,96
Que,Marieville V,Marieville (V),15,6,0,69,90
Que,Marieville V,Total,15,6,0,69,90
Que,Montmagny V,Montmagny (V),12,12,0,15,39
Que,Montmagny V,Total,12,12,0,15,39
Que,Mont-Laurier V,Mont-Laurier (V),46,0,0,60,106
Que,Mont-Laurier V,Total,46,0,0,60,106
Que,Prévost V,Prévost (V),16,0,0,5,21
Que,Prévost V,Total,16,0,0,5,21
Que,Rawdon MÉ,Rawdon (MÉ),116,0,0,171,287
Que,Rawdon MÉ,Total,116,0,0,171,287
Que,Roberval V,Roberval (V),22,0,0,0,22
Que,Roberval V,Total,22,0,0,0,22
Que,Sainte-Adèle V,Sainte-Adèle (V),105,0,0,50,155
Que,Sainte-Adèle V,Total,105,0,0,50,155
Que,Sainte-Agathe-des-Monts V,Sainte-Agathe-des-Monts (V),125,8,0,140,273
Que,Sainte-Agathe-des-Monts V,Total,125,8,0,140,273
Que,Sainte-Sophie MÉ,Sainte-Sophie (MÉ),66,0,0,13,79
Que,Sainte-Sophie MÉ,Total,66,0,0,13,79
Que,Saint-Félicien V,Saint-Félicien (V),26,4,0,4,34
Que,Saint-Félicien V,Total,26,4,0,4,34
Que,Saint-Raymond V,Saint-Raymond (V),77,0,0,21,98
Que,Saint-Raymond V,Total,77,0,0,21,98
Que,Saint-Sauveur V,Saint-Sauveur (V),78,2,0,16,96
Que,Saint-Sauveur V,Total,78,2,0,16,96
Que,Alma,Alma (V),32,26,0,37,95
Que,Alma,Saint-Nazaire (MÉ),16,0,0,0,16
Que,Alma,Total,48,26,0,37,111
Que,Baie-Comeau,Baie-Comeau (V),2,0,0,0,2
Que,Baie-Comeau,Pointe-Lebel (VL),0,0,0,0,0
Que,Baie-Comeau,Pointe-aux-Outardes (VL),0,0,0,0,0
Que,Baie-Comeau,Chute-aux-Outardes (VL),0,0,0,0,0
Que,Baie-Comeau,Ragueneau (PE),0,0,0,0,0
Que,Baie-Comeau,Total,2,0,0,0,2
Que,Campbellton,Pointe-à-la-Croix (MÉ),2,0,0,0,2
Que,Campbellton,Total,2,0,0,0,2
Que,Cowansville,Cowansville (V),48,6,0,251,305
Que,Cowansville,Total,48,6,0,251,305
Que,Dolbeau-Mistassini,Sainte-Jeanne-d'Arc (VL),1,0,0,0,1
Que,Dolbeau-Mistassini,Dolbeau-Mistassini (V),17,2,0,12,31
Que,Dolbeau-Mistassini,Saint-Stanislas (MÉ),0,0,0,0,0
Que,Dolbeau-Mistassini,Total,18,2,0,12,32
Que,Hawkesbury,Grenville (VL),9,0,0,4,13
Que,Hawkesbury,Total,9,0,0,4,13
Que,Joliette,Saint-Paul (MÉ),10,0,0,97,107
Que,Joliette,Joliette (V),5,0,0,154,159
Que,Joliette,Notre-Dame-des-Prairies (V),2,0,7,12,21
Que,Joliette,Saint-Charles-Borromée (MÉ),13,0,0,361,374
Que,Joliette,Total,30,0,7,624,661
Que,Lachute,Lachute (V),34,2,0,101,137
Que,Lachute,Total,34,2,0,101,137
Que,Matane,Sainte-Félicité (MÉ),1,0,0,0,1
Que,Matane,Saint-René-de-Matane (MÉ),4,0,0,0,4
Que,Matane,Matane (V),12,0,0,16,28
Que,Matane,Saint-Ulric (MÉ),5,0,0,0,5
Que,Matane,Total,22,0,0,16,38
Que,Rivière-du-Loup,Saint-Antonin (MÉ),14,4,0,10,28
Que,Rivière-du-Loup,Saint-Modeste (MÉ),5,0,0,0,5
Que,Rivière-du-Loup,Cacouna (MÉ),3,0,0,0,3
Que,Rivière-du-Loup,Saint-Arsène (PE),3,0,0,0,3
Que,Rivière-du-Loup,Rivière-du-Loup (V),21,14,0,49,84
Que,Rivière-du-Loup,Notre-Dame-du-Portage (MÉ),3,0,0,0,3
Que,Rivière-du-Loup,Total,49,18,0,59,126
Que,Rouyn-Noranda,Rouyn-Noranda (V),69,6,0,104,179
Que,Rouyn-Noranda,Total,69,6,0,104,179
Que,Saint-Georges,Saint-Georges (V),44,66,0,84,194
Que,Saint-Georges,Total,44,66,0,84,194
Que,Sainte-Marie,Sainte-Marie (V),24,26,0,86,136
Que,Sainte-Marie,Total,24,26,0,86,136
Que,Sept-Îles,Sept-Îles (V),26,0,0,0,26
Que,Sept-Îles,Total,26,0,0,0,26
Que,Sorel-Tracy,Sainte-Victoire-de-Sorel (MÉ),7,2,0,10,19
Que,Sorel-Tracy,Saint-Joseph-de-Sorel (V),0,0,0,0,0
Que,Sorel-Tracy,Sorel-Tracy (V),42,30,0,33,105
Que,Sorel-Tracy,Sainte-Anne-de-Sorel (MÉ),5,0,0,0,5
Que,Sorel-Tracy,Total,54,32,0,43,129
Que,Thetford Mines,Irlande (MÉ),5,0,0,0,5
Que,Thetford Mines,Saint-Joseph-de-Coleraine (MÉ),18,0,0,0,18
Que,Thetford Mines,Thetford Mines (V),26,6,0,68,100
Que,Thetford Mines,Saint-Adrien-d'Irlande (MÉ),1,0,0,0,1
Que,Thetford Mines,Total,50,6,0,68,124
Que,Val-d'Or,Val-d'Or (V),53,0,0,147,200
Que,Val-d'Or,Total,53,0,0,147,200
Que,Salaberry-de-Valleyfield,Salaberry-de-Valleyfield (V),121,108,55,370,654
Que,Salaberry-de-Valleyfield,Total,121,108,55,370,654
Que,Victoriaville,Saint-Christophe-d'Arthabaska (PE),26,0,0,0,26
Que,Victoriaville,Victoriaville (V),34,12,0,199,245
Que,Victoriaville,Total,60,12,0,199,271
Que,Total,Total,6678,2575,1106,38036,48395
Ont.,Barrie,Springwater (TP),356,90,0,0,446
Ont.,Barrie,Innisfil (T),449,0,65,8,522
Ont.,Barrie,Barrie (CY),321,84,533,1138,2076
Ont.,Barrie,Total,1126,174,598,1146,3044
Ont.,Belleville,Tyendinaga (TP),27,0,0,0,27
Ont.,Belleville,Belleville (CY),113,4,43,0,160
Ont.,Belleville,Quinte West (CY),125,12,21,0,158
Ont.,Belleville,Stirling-Rawdon (TP),25,2,0,0,27
Ont.,Belleville,Total,290,18,64,0,372
Ont.,Brantford,Brant (CY),327,0,142,0,469
Ont.,Brantford,Brantford (CY),441,8,536,306,1291
Ont.,Brantford,Total,768,8,678,306,1760
Ont.,Guelph,Puslinch (TP),43,0,0,0,43
Ont.,Guelph,Guelph (CY),113,44,138,137,432
Ont.,Guelph,Guelph/Eramosa (TP),10,0,0,8,18
Ont.,Guelph,Total,166,44,138,145,493
Ont.,Hamilton,Burlington (CY),127,0,0,0,127
Ont.,Hamilton,Hamilton (C),643,176,1036,1497,3352
Ont.,Hamilton,Grimsby (T),51,0,0,0,51
Ont.,Hamilton,Total,821,176,1036,1497,3530
Ont.,Kingston,Frontenac Islands (TP),7,0,0,0,7
Ont.,Kingston,Kingston (CY),107,12,81,231,431
Ont.,Kingston,South Frontenac (TP),44,0,0,0,44
Ont.,Kingston,Loyalist (TP),137,26,8,0,171
Ont.,Kingston,Total,295,38,89,231,653
Ont.,Kitchener - Cambridge - Waterl,North Dumfries (TP),133,10,57,0,200
Ont.,Kitchener - Cambridge - Waterl,Cambridge (CY),197,4,471,337,1009
Ont.,Kitchener - Cambridge - Waterl,Kitchener (CY),431,30,431,1578,2470
Ont.,Kitchener - Cambridge - Waterl,Waterloo (CY),80,10,184,654,928
Ont.,Kitchener - Cambridge - Waterl,Wilmot (TP),13,2,4,16,35
Ont.,Kitchener - Cambridge - Waterl,Woolwich (TP),168,10,27,0,205
Ont.,Kitchener - Cambridge - Waterl,Total,1022,66,1174,2585,4847
Ont.,London,Central Elgin (MU),97,0,0,0,97
Ont.,London,St. Thomas (CY),118,42,18,81,259
Ont.,London,Southwold (TP),68,0,0,0,68
Ont.,London,Strathroy-Caradoc (MU),92,2,0,37,131
Ont.,London,Thames Centre (MU),81,0,0,0,81
Ont.,London,Middlesex Centre (MU),131,0,95,0,226
Ont.,London,London (CY),677,4,457,1357,2495
Ont.,London,Adelaide-Metcalfe (TP),4,0,0,0,4
Ont.,London,Total,1268,48,570,1475,3361
Ont.,St. Catharines - Niagara,Fort Erie (T),171,8,53,20,252
Ont.,St. Catharines - Niagara,Port Colborne (CY),41,8,10,0,59
Ont.,St. Catharines - Niagara,Wainfleet (TP),27,0,0,0,27
Ont.,St. Catharines - Niagara,Pelham (T),28,2,95,66,191
Ont.,St. Catharines - Niagara,Welland (CY),223,11,60,311,605
Ont.,St. Catharines - Niagara,Thorold (CY),330,0,373,16,719
Ont.,St. Catharines - Niagara,Niagara Falls (CY),171,34,372,23,600
Ont.,St. Catharines - Niagara,Niagara-on-the-Lake (T),40,0,24,0,64
Ont.,St. Catharines - Niagara,St. Catharines (CY),62,10,21,257,350
Ont.,St. Catharines - Niagara,Lincoln (T),21,4,0,276,301
Ont.,St. Catharines - Niagara,Total,1114,77,1008,969,3168
Ont.,Oshawa,Whitby (T),198,86,570,494,1348
Ont.,Oshawa,Oshawa (CY),542,2,574,708,1826
Ont.,Oshawa,Clarington (MU),187,4,161,249,601
Ont.,Oshawa,Total,927,92,1305,1451,3775
Ont.,Ottawa,Clarence-Rockland (C),189,4,78,34,305
Ont.,Ottawa,Russell (TP),162,40,89,146,437
Ont.,Ottawa,Ottawa (CV),2105,194,2315,5463,10077
Ont.,Ottawa,North Grenville (MU),103,2,90,18,213
Ont.,Ottawa,Total,2559,240,2572,5661,11032
Ont.,Peterborough,Otonabee-South Monaghan (TP),74,0,0,0,74
Ont.,Peterborough,Cavan Monaghan (TP),25,0,0,0,25
Ont.,Peterborough,Peterborough (CY),192,4,0,0,196
Ont.,Peterborough,Selwyn (TP),48,0,4,2,54
Ont.,Peterborough,Douro-Dummer (TP),4,0,0,0,4
Ont.,Peterborough,Total,343,4,4,2,353
Ont.,Greater Sudbury (CV),Greater Sudbury (CV),3,0,0,0,3
Ont.,Greater Sudbury (CV),Greater Sudbury (CV),126,63,89,1,279
Ont.,Greater Sudbury (CV),Greater Sudbury (CV),129,63,89,1,282
Ont.,Thunder Bay,Neebing (MU),7,0,0,0,7
Ont.,Thunder Bay,Thunder Bay (CY),57,6,0,71,134
Ont.,Thunder Bay,Oliver Paipoonge (MU),25,0,0,0,25
Ont.,Thunder Bay,Gillies (TP),0,0,0,0,0
Ont.,Thunder Bay,O'Connor (TP),2,0,0,0,2
Ont.,Thunder Bay,Conmee (TP),1,0,0,0,1
Ont.,Thunder Bay,Shuniah (MU),17,0,0,0,17
Ont.,Thunder Bay,Total,109,6,0,71,186
Ont.,Toronto,Pickering (CY),470,34,686,276,1466
Ont.,Toronto,Ajax (T),41,0,315,0,356
Ont.,Toronto,Uxbridge (TP),19,46,12,0,77
Ont.,Toronto,Vaughan (CY),384,46,341,3538,4309
Ont.,Toronto,Markham (CY),466,16,1209,1290,2981
Ont.,Toronto,Richmond Hill (T),263,34,739,334,1370
Ont.,Toronto,Whitchurch-Stouffville (T),309,0,127,0,436
Ont.,Toronto,Aurora (T),117,0,0,125,242
Ont.,Toronto,Newmarket (T),28,4,55,394,481
Ont.,Toronto,King (TP),88,0,8,0,96
Ont.,Toronto,East Gwillimbury (T),536,40,82,18,676
Ont.,Toronto,Georgina (T),200,0,0,0,200
Ont.,Toronto,Toronto (C),876,88,472,19428,20864
Ont.,Toronto,Mississauga (CY),120,24,76,4235,4455
Ont.,Toronto,Brampton (CY),767,54,545,1050,2416
Ont.,Toronto,Caledon (T),499,54,273,0,826
Ont.,Toronto,Mono (T),7,0,0,0,7
Ont.,Toronto,Orangeville (T),0,0,47,0,47
Ont.,Toronto,Oakville (T),279,2,85,1558,1924
Ont.,Toronto,Milton (T),367,0,352,358,1077
Ont.,Toronto,Halton Hills (T),50,0,117,0,167
Ont.,Toronto,New Tecumseth (T),129,8,18,14,169
Ont.,Toronto,Bradford West Gwillimbury (T),314,64,89,0,467
Ont.,Toronto,Total,6329,514,5648,32618,45109
Ont.,Windsor,Amherstburg (T),229,28,40,115,412
Ont.,Windsor,LaSalle (T),65,10,0,254,329
Ont.,Windsor,Windsor (CY),82,34,65,310,491
Ont.,Windsor,Tecumseh (T),8,0,0,0,8
Ont.,Windsor,Lakeshore (T),245,14,16,0,275
Ont.,Windsor,Total,629,86,121,679,1515
Ont.,Chatham-Kent,Chatham-Kent (MU),282,54,60,149,545
Ont.,Chatham-Kent,Total,282,54,60,149,545
Ont.,Cornwall,South Stormont (TP),60,4,0,0,64
Ont.,Cornwall,Cornwall (CY),7,6,0,0,13
Ont.,Cornwall,Total,67,10,0,0,77
Ont.,Kawartha Lakes,Kawartha Lakes (CY),267,4,48,254,573
Ont.,Kawartha Lakes,Total,267,4,48,254,573
Ont.,Norfolk,Norfolk County (CY),203,50,13,0,266
Ont.,Norfolk,Total,203,50,13,0,266
Ont.,North Bay,Bonfield (TP),19,2,10,0,31
Ont.,North Bay,Chisholm (TP),6,0,0,0,6
Ont.,North Bay,East Ferris (MU),28,0,0,0,28
Ont.,North Bay,North Bay (CY),76,6,0,2,84
Ont.,North Bay,"Nipissing, Unorganized, North Part (NO)",0,0,0,0,0
Ont.,North Bay,Powassan (MU),13,0,0,0,13
Ont.,North Bay,Callander (MU),0,0,0,0,0
Ont.,North Bay,Nipissing (TP),19,0,0,0,19
Ont.,North Bay,Total,161,8,10,2,181
Ont.,Sarnia,St. Clair (TP),52,0,8,0,60
Ont.,Sarnia,Sarnia (CY),67,4,16,70,157
Ont.,Sarnia,Point Edward (VL),4,0,0,0,4
Ont.,Sarnia,Plympton-Wyoming (T),56,4,8,0,68
Ont.,Sarnia,Total,179,8,32,70,289
Ont.,Sault Ste. Marie,Laird (TP),7,0,0,0,7
Ont.,Sault Ste. Marie,"Macdonald, Meredith and Aberdeen Additional (TP)",5,0,0,0,5
Ont.,Sault Ste. Marie,Sault Ste. Marie (CY),72,2,87,107,268
Ont.,Sault Ste. Marie,Prince (TP),0,0,0,0,0
Ont.,Sault Ste. Marie,Total,84,2,87,107,280
Ont.,Bracebridge T,Bracebridge (T),74,4,8,0,86
Ont.,Bracebridge T,Total,74,4,8,0,86
Ont.,Brighton MU,Brighton (MU),49,17,4,0,70
Ont.,Brighton MU,Total,49,17,4,0,70
Ont.,Brock TP,Brock (TP),22,0,0,37,59
Ont.,Brock TP,Total,22,0,0,37,59
Ont.,Trent Hills MU,Trent Hills (MU),36,0,12,0,48
Ont.,Trent Hills MU,Total,36,0,12,0,48
Ont.,Erin T,Erin (T),40,0,0,4,44
Ont.,Erin T,Total,40,0,0,4,44
Ont.,Essex T,Essex (T),32,14,75,0,121
Ont.,Essex T,Total,32,14,75,0,121
Ont.,Haldimand County CY,Haldimand County (CY),196,46,0,0,242
Ont.,Haldimand County CY,Total,196,46,0,0,242
Ont.,Gravenhurst T,Gravenhurst (T),28,0,0,0,28
Ont.,Gravenhurst T,Total,28,0,0,0,28
Ont.,Greater Napanee T,Greater Napanee (T),29,0,4,0,33
Ont.,Greater Napanee T,Total,29,0,4,0,33
Ont.,Huntsville T,Huntsville (T),104,2,92,79,277
Ont.,Huntsville T,Total,104,2,92,79,277
Ont.,Kincardine MU,Kincardine (MU),54,2,6,0,62
Ont.,Kincardine MU,Total,54,2,6,0,62
Ont.,Lambton Shores MU,Lambton Shores (MU),82,6,0,13,101
Ont.,Lambton Shores MU,Total,82,6,0,13,101
Ont.,Meaford MU,Meaford (MU),37,2,5,0,44
Ont.,Meaford MU,Total,37,2,5,0,44
Ont.,North Perth MU,North Perth (MU),80,10,44,0,134
Ont.,North Perth MU,Total,80,10,44,0,134
Ont.,Prince Edward County CY,Prince Edward County (CY),117,8,64,0,189
Ont.,Prince Edward County CY,Total,117,8,64,0,189
Ont.,Saugeen Shores T,Saugeen Shores (T),101,0,30,4,135
Ont.,Saugeen Shores T,Total,101,0,30,4,135
Ont.,South Huron MU,South Huron (MU),66,2,6,62,136
Ont.,South Huron MU,Total,66,2,6,62,136
Ont.,South Dundas MU,South Dundas (MU),66,32,0,7,105
Ont.,South Dundas MU,Total,66,32,0,7,105
Ont.,Scugog TP,Scugog (TP),39,0,25,0,64
Ont.,Scugog TP,Total,39,0,25,0,64
Ont.,The Nation (M),The Nation (M),19,12,24,0,55
Ont.,The Nation (M),The Nation (M),19,12,24,0,55
Ont.,West Nipissing (M),West Nipissing (M),68,6,0,12,86
Ont.,West Nipissing (M),West Nipissing (M),68,6,0,12,86
Ont.,West Grey MU,West Grey (MU),72,12,8,0,92
Ont.,West Grey MU,Total,72,12,8,0,92
Ont.,Arnprior,Arnprior (T),28,2,0,0,30
Ont.,Arnprior,McNab/Braeside (TP),49,0,0,0,49
Ont.,Arnprior,Total,77,2,0,0,79
Ont.,Brockville,Augusta (TP),15,0,0,24,39
Ont.,Brockville,Elizabethtown-Kitley (TP),14,0,0,0,14
Ont.,Brockville,Brockville (CY),13,4,23,91,131
Ont.,Brockville,Total,42,4,23,115,184
Ont.,Carleton Place,Beckwith (TP),43,0,0,0,43
Ont.,Carleton Place,Carleton Place (T),41,24,102,24,191
Ont.,Carleton Place,Mississippi Mills (T),64,14,14,42,134
Ont.,Carleton Place,Total,148,38,116,66,368
Ont.,Centre Wellington,Centre Wellington (TP),242,82,127,0,451
Ont.,Centre Wellington,Total,242,82,127,0,451
Ont.,Cobourg,Cobourg (T),37,16,12,147,212
Ont.,Cobourg,Total,37,16,12,147,212
Ont.,Collingwood,Collingwood (T),137,12,88,392,629
Ont.,Collingwood,Total,137,12,88,392,629
Ont.,Elliot Lake,Elliot Lake (CY),1,0,0,0,1
Ont.,Elliot Lake,Total,1,0,0,0,1
Ont.,Hawkesbury,Hawkesbury (T),9,2,0,12,23
Ont.,Hawkesbury,Total,9,2,0,12,23
Ont.,Ingersoll,Ingersoll (T),26,2,0,0,28
Ont.,Ingersoll,Total,26,2,0,0,28
Ont.,Kenora,Kenora (CY),0,0,0,0,0
Ont.,Kenora,Total,0,0,0,0,0
Ont.,Leamington,Leamington (MU),38,4,12,11,65
Ont.,Leamington,Kingsville (T),81,6,0,2,89
Ont.,Leamington,Total,119,10,12,13,154
Ont.,Midland,Tay (TP),71,0,0,4,75
Ont.,Midland,Penetanguishene (T),14,0,34,0,48
Ont.,Midland,Midland (T),0,0,0,0,0
Ont.,Midland,Total,85,0,34,4,123
Ont.,Orillia,Orillia (CY),104,0,60,158,322
Ont.,Orillia,Total,104,0,60,158,322
Ont.,Owen Sound,Georgian Bluffs (TP),61,0,12,0,73
Ont.,Owen Sound,Owen Sound (CY),11,22,17,83,133
Ont.,Owen Sound,Total,72,22,29,83,206
Ont.,Pembroke,Pembroke (CY),1,8,0,0,9
Ont.,Pembroke,Laurentian Valley (TP),23,0,2,1,26
Ont.,Pembroke,Total,24,8,2,1,35
Ont.,Petawawa,Petawawa (T),17,0,7,3,27
Ont.,Petawawa,Total,17,0,7,3,27
Ont.,Port Hope,Port Hope (MU),39,0,12,0,51
Ont.,Port Hope,Total,39,0,12,0,51
Ont.,Stratford,Stratford (CY),52,0,44,27,123
Ont.,Stratford,Total,52,0,44,27,123
Ont.,Tillsonburg,Tillsonburg (T),63,4,142,65,274
Ont.,Tillsonburg,Total,63,4,142,65,274
Ont.,Timmins,Timmins (CY),13,0,0,0,13
Ont.,Timmins,Total,13,0,0,0,13
Ont.,Wasaga Beach,Wasaga Beach (T),324,8,211,0,543
Ont.,Wasaga Beach,Total,324,8,211,0,543
Ont.,Woodstock,Woodstock (CY),45,12,0,80,137
Ont.,Woodstock,Total,45,12,0,80,137
Ont.,Total,Total,22225,2187,16670,50803,91885
Man.,Winnipeg,Taché (RM),62,30,82,26,200
Man.,Winnipeg,Ritchot (RM),76,14,55,0,145
Man.,Winnipeg,Macdonald (RM),87,0,0,0,87
Man.,Winnipeg,St. François Xavier (RM),16,0,0,0,16
Man.,Winnipeg,Winnipeg (CY),1237,156,327,3061,4781
Man.,Winnipeg,Headingley (RM),36,0,0,0,36
Man.,Winnipeg,Springfield (RM),73,0,0,0,73
Man.,Winnipeg,East St. Paul (RM),21,2,12,48,83
Man.,Winnipeg,West St. Paul (RM),265,130,0,0,395
Man.,Winnipeg,St. Clements (RM),53,0,0,0,53
Man.,Winnipeg,First Nations (Winnipeg) (R),0,0,0,0,0
Man.,Winnipeg,Rosser (RM),1,0,0,0,1
Man.,Winnipeg,Total,1927,332,476,3135,5870
Man.,Brandon,Oakland-Wawanesa (MU),5,0,0,0,5
Man.,Brandon,Whitehead (RM),1,0,0,0,1
Man.,Brandon,Cornwallis (RM),0,0,0,0,0
Man.,Brandon,Brandon (CY),45,18,157,118,338
Man.,Brandon,Elton (RM),0,0,0,0,0
Man.,Brandon,Total,51,18,157,118,344
Man.,Hanover RM,Hanover (RM),111,38,0,0,149
Man.,Hanover RM,Total,111,38,0,0,149
Man.,St. Andrews RM,St. Andrews (RM),23,0,0,0,23
Man.,St. Andrews RM,Total,23,0,0,0,23
Man.,Selkirk CY,Selkirk (CY),26,2,3,0,31
Man.,Selkirk CY,Total,26,2,3,0,31
Man.,Portage la Prairie,Portage la Prairie (CY),14,2,0,204,220
Man.,Portage la Prairie,Total,14,2,0,204,220
Man.,Steinbach,Steinbach (CY),66,40,47,133,286
Man.,Steinbach,Total,66,40,47,133,286
Man.,Thompson,Thompson (CY),3,0,0,0,3
Man.,Thompson,Total,3,0,0,0,3
Man.,Winkler,Stanley (RM),20,0,0,0,20
Man.,Winkler,Winkler (CY),28,22,7,72,129
Man.,Winkler,Morden (CY),15,18,44,0,77
Man.,Winkler,Total,63,40,51,72,226
Man.,Total,Total,2284,472,734,3662,7152
Sask.,Regina,Lajord No. 128 (RM),2,0,0,0,2
Sask.,Regina,Pense No. 160 (RM),0,0,0,0,0
Sask.,Regina,Belle Plaine (VL),1,0,0,0,1
Sask.,Regina,Pense (T),2,0,0,0,2
Sask.,Regina,Sherwood No. 159 (RM),5,0,0,0,5
Sask.,Regina,Regina (CY),225,36,166,408,835
Sask.,Regina,Grand Coulee (T),0,0,0,0,0
Sask.,Regina,Edenwold No. 158 (RM),26,0,0,0,26
Sask.,Regina,White City (T),6,0,0,0,6
Sask.,Regina,Pilot Butte (T),28,4,0,0,32
Sask.,Regina,Balgonie (T),6,0,0,0,6
Sask.,Regina,Edenwold (VL),0,0,0,0,0
Sask.,Regina,Lumsden No. 189 (RM),9,2,0,0,11
Sask.,Regina,Disley (VL),0,0,0,0,0
Sask.,Regina,Buena Vista (VL),4,0,0,0,4
Sask.,Regina,Lumsden (T),2,0,0,0,2
Sask.,Regina,Lumsden Beach (RV),0,0,0,0,0
Sask.,Regina,Regina Beach (T),5,0,0,0,5
Sask.,Regina,Total,321,42,166,408,937
Sask.,Saskatoon,Thode (RV),0,0,0,0,0
Sask.,Saskatoon,Dundurn No. 314 (RM),0,0,0,0,0
Sask.,Saskatoon,Dundurn (T),3,0,0,0,3
Sask.,Saskatoon,Shields (RV),7,0,0,0,7
Sask.,Saskatoon,Corman Park No. 344 (RM),87,0,0,0,87
Sask.,Saskatoon,Saskatoon (CY),700,78,209,1386,2373
Sask.,Saskatoon,Langham (T),1,0,0,0,1
Sask.,Saskatoon,Warman (CY),53,4,48,1,106
Sask.,Saskatoon,Blucher No. 343 (RM),8,0,0,0,8
Sask.,Saskatoon,Martensville (CY),17,10,8,0,35
Sask.,Saskatoon,Bradwell (VL),0,0,0,0,0
Sask.,Saskatoon,Allan (T),1,0,0,0,1
Sask.,Saskatoon,Dalmeny (T),3,0,0,0,3
Sask.,Saskatoon,Osler (T),0,0,0,0,0
Sask.,Saskatoon,Colonsay No. 342 (RM),0,0,0,0,0
Sask.,Saskatoon,Clavet (VL),1,2,0,0,3
Sask.,Saskatoon,Meacham (VL),2,0,0,0,2
Sask.,Saskatoon,Colonsay (T),0,0,0,0,0
Sask.,Saskatoon,First Nations (Saskatoon) (R),4,0,0,0,4
Sask.,Saskatoon,Vanscoy No. 345 (RM),11,0,0,0,11
Sask.,Saskatoon,Delisle (T),2,0,0,0,2
Sask.,Saskatoon,Vanscoy (VL),0,0,0,0,0
Sask.,Saskatoon,Asquith (T),2,0,0,0,2
Sask.,Saskatoon,Aberdeen No. 373 (RM),10,0,0,0,10
Sask.,Saskatoon,Aberdeen (T),1,0,0,0,1
Sask.,Saskatoon,Total,913,94,265,1387,2659
Sask.,Estevan,Bienfait (T),0,0,0,0,0
Sask.,Estevan,Estevan No. 5 (RM),3,0,0,0,3
Sask.,Estevan,Estevan (CY),1,10,0,0,11
Sask.,Estevan,Total,4,10,0,0,14
Sask.,Lloydminster,Wilton No. 472 (RM),2,0,0,0,2
Sask.,Lloydminster,Lashburn (T),0,0,0,0,0
Sask.,Lloydminster,Marshall (T),0,0,0,0,0
Sask.,Lloydminster,Lloydminster (Sask Part) (CY),4,4,20,0,28
Sask.,Lloydminster,Total,6,4,20,0,30
Sask.,Moose Jaw,Moose Jaw No. 161 (RM),2,0,0,0,2
Sask.,Moose Jaw,Moose Jaw (CY),23,0,0,0,23
Sask.,Moose Jaw,Total,25,0,0,0,25
Sask.,North Battleford,Battleford (T),10,0,4,0,14
Sask.,North Battleford,North Battleford (CY),0,0,0,0,0
Sask.,North Battleford,North Battleford No. 437 (RM),2,0,0,0,2
Sask.,North Battleford,North Battleford (CN),0,0,0,54,54
Sask.,North Battleford,Total,12,0,4,54,70
Sask.,Prince Albert,Prince Albert No. 461 (RM),8,0,0,0,8
Sask.,Prince Albert,Prince Albert (CY),4,4,0,0,8
Sask.,Prince Albert,Garden River No. 490 (RM),5,0,0,0,5
Sask.,Prince Albert,Albertville (VL),0,0,0,0,0
Sask.,Prince Albert,Meath Park (VL),0,0,0,0,0
Sask.,Prince Albert,Buckland No. 491 (RM),7,0,0,0,7
Sask.,Prince Albert,First Nations (Prince Albert) (R),0,0,0,0,0
Sask.,Prince Albert,Total,24,4,0,0,28
Sask.,Swift Current,Swift Current No. 137 (RM),0,0,0,0,0
Sask.,Swift Current,Swift Current (CY),3,0,0,0,3
Sask.,Swift Current,Total,3,0,0,0,3
Sask.,Weyburn,Weyburn (CY),4,0,0,0,4
Sask.,Weyburn,Total,4,0,0,0,4
Sask.,Yorkton,Orkney No. 244 (RM),0,0,0,0,0
Sask.,Yorkton,Yorkton (CY),1,2,0,0,3
Sask.,Yorkton,Ebenezer (VL),0,0,0,0,0
Sask.,Yorkton,Springside (T),0,0,0,0,0
Sask.,Yorkton,Total,1,2,0,0,3
Sask.,Total,Total,1313,156,455,1849,3773
Alta,Calgary,Rocky View County (MD),367,14,30,1,412
Alta,Calgary,Calgary (CY),4146,1200,1837,7584,14767
Alta,Calgary,Chestermere (CY),385,84,131,5,605
Alta,Calgary,Cochrane (T),346,86,79,18,529
Alta,Calgary,Airdrie (CY),449,176,167,142,934
Alta,Calgary,Irricana (T),1,0,0,0,1
Alta,Calgary,Beiseker (VL),0,0,0,0,0
Alta,Calgary,Crossfield (T),58,0,0,0,58
Alta,Calgary,First Nations (Calgary) (R),0,0,0,0,0
Alta,Calgary,Total,5752,1560,2244,7750,17306
Alta,Edmonton,Bruderheim (T),1,0,0,0,1
Alta,Edmonton,Leduc County (MD),60,0,0,1,61
Alta,Edmonton,Beaumont (CY),164,36,23,19,242
Alta,Edmonton,Leduc (CY),221,28,33,49,331
Alta,Edmonton,Devon (T),26,0,0,0,26
Alta,Edmonton,Calmar (T),10,0,0,1,11
Alta,Edmonton,Sundance Beach (SV),1,0,0,0,1
Alta,Edmonton,Thorsby (T),1,0,0,0,1
Alta,Edmonton,Itaska Beach (SV),1,0,0,0,1
Alta,Edmonton,Golden Days (SV),4,0,0,0,4
Alta,Edmonton,Warburg (VL),1,0,0,0,1
Alta,Edmonton,Parkland County (MD),126,0,0,0,126
Alta,Edmonton,Seba Beach (SV),1,0,0,0,1
Alta,Edmonton,Betula Beach (SV),0,0,0,0,0
Alta,Edmonton,Point Alison (SV),0,0,0,0,0
Alta,Edmonton,Lakeview (SV),1,0,0,0,1
Alta,Edmonton,Kapasiwin (SV),0,0,0,0,0
Alta,Edmonton,Spring Lake (VL),3,0,0,0,3
Alta,Edmonton,Stony Plain (T),44,6,67,1,118
Alta,Edmonton,Spruce Grove (CY),260,84,45,180,569
Alta,Edmonton,Strathcona County (SM),182,32,63,669,946
Alta,Edmonton,Fort Saskatchewan (CY),140,54,14,17,225
Alta,Edmonton,Sturgeon County (MD),89,0,0,2,91
Alta,Edmonton,Edmonton (CY),4599,656,1409,4737,11401
Alta,Edmonton,St. Albert (CY),215,50,89,30,384
Alta,Edmonton,Gibbons (T),5,0,0,0,5
Alta,Edmonton,Redwater (T),1,0,0,0,1
Alta,Edmonton,Bon Accord (T),0,0,0,0,0
Alta,Edmonton,Morinville (T),17,10,4,4,35
Alta,Edmonton,Legal (T),0,0,0,0,0
Alta,Edmonton,First Nations (Edmonton) (R),0,0,0,0,0
Alta,Edmonton,Total,6173,956,1747,5710,14586
Alta,Lethbridge,Lethbridge County (MD),31,0,0,0,31
Alta,Lethbridge,Lethbridge (CY),198,42,138,373,751
Alta,Lethbridge,Coalhurst (T),4,2,3,0,9
Alta,Lethbridge,Nobleford (VL),1,0,0,0,1
Alta,Lethbridge,Barons (VL),0,0,0,0,0
Alta,Lethbridge,Picture Butte (T),3,2,0,0,5
Alta,Lethbridge,Coaldale (T),10,0,9,0,19
Alta,Lethbridge,Total,247,46,150,373,816
Alta,Grande Prairie,Grande Prairie (CY),127,22,3,51,203
Alta,Grande Prairie,Total,127,22,3,51,203
Alta,Medicine Hat,Cypress County (MD),31,0,0,1,32
Alta,Medicine Hat,Medicine Hat (CY),39,24,69,6,138
Alta,Medicine Hat,Redcliff (T),4,0,0,0,4
Alta,Medicine Hat,Total,74,24,69,7,174
Alta,Red Deer,Red Deer (CY),91,12,53,10,166
Alta,Red Deer,Total,91,12,53,10,166
Alta,Wood Buffalo,Wood Buffalo (SM),75,20,20,7,122
Alta,Wood Buffalo,First Nations (Wood Buffalo) (R),0,0,0,0,0
Alta,Wood Buffalo,Total,75,20,20,7,122
Alta,Bonnyville No. 87 MD,Bonnyville No. 87 (MD),22,0,0,0,22
Alta,Bonnyville No. 87 MD,Total,22,0,0,0,22
Alta,Clearwater County MD,Clearwater County (MD),121,0,0,0,121
Alta,Clearwater County MD,Total,121,0,0,0,121
Alta,Foothills County MD,Foothills County (MD),147,0,0,1,148
Alta,Foothills County MD,Total,147,0,0,1,148
Alta,Grande Prairie County No. 1 MD,Grande Prairie County No. 1 (MD),101,4,18,0,123
Alta,Grande Prairie County No. 1 MD,Total,101,4,18,0,123
Alta,Lacombe County MD,Lacombe County (MD),53,0,4,0,57
Alta,Lacombe County MD,Total,53,0,4,0,57
Alta,Lac Ste. Anne County MD,Lac Ste. Anne County (MD),88,0,0,2,90
Alta,Lac Ste. Anne County MD,Total,88,0,0,2,90
Alta,Mackenzie County SM,Mackenzie County (SM),72,4,15,8,99
Alta,Mackenzie County SM,Total,72,4,15,8,99
Alta,Mountain View County MD,Mountain View County (MD),64,0,0,0,64
Alta,Mountain View County MD,Total,64,0,0,0,64
Alta,Red Deer County MD,Red Deer County (MD),99,0,8,2,109
Alta,Red Deer County MD,Total,99,0,8,2,109
Alta,Wetaskiwin County No. 10 MD,Wetaskiwin County No. 10 (MD),41,0,0,0,41
Alta,Wetaskiwin County No. 10 MD,Total,41,0,0,0,41
Alta,Yellowhead County MD,Yellowhead County (MD),59,0,0,0,59
Alta,Yellowhead County MD,Total,59,0,0,0,59
Alta,Whitecourt T,Whitecourt T,16,2,0,0,18
Alta,Whitecourt T,Total,16,2,0,0,18
Alta,Brooks,Newell County (MD),16,0,0,0,16
Alta,Brooks,Brooks (CY),8,2,0,1,11
Alta,Brooks,Duchess (VL),0,0,0,0,0
Alta,Brooks,Rosemary (VL),0,0,0,0,0
Alta,Brooks,Bassano (T),0,0,0,0,0
Alta,Brooks,Total,24,2,0,1,27
Alta,Camrose,Camrose (CY),28,10,6,28,72
Alta,Camrose,Total,28,10,6,28,72
Alta,Canmore,Canmore (T),27,28,35,138,228
Alta,Canmore,Total,27,28,35,138,228
Alta,Cold Lake,Cold Lake (CY),56,0,0,0,56
Alta,Cold Lake,Total,56,0,0,0,56
Alta,High River,High River (T),35,2,0,8,45
Alta,High River,Total,35,2,0,8,45
Alta,Lacombe,Lacombe (CY),34,6,8,94,142
Alta,Lacombe,Total,34,6,8,94,142
Alta,Lloydminster,Lloydminster (Alta Part) (CY),36,0,57,0,93
Alta,Lloydminster,Total,36,0,57,0,93
Alta,Okotoks,Okotoks (T),107,22,67,40,236
Alta,Okotoks,Total,107,22,67,40,236
Alta,Strathmore,Strathmore (T),36,0,0,0,36
Alta,Strathmore,Total,36,0,0,0,36
Alta,Sylvan Lake,Jarvis Bay (SV),5,0,0,0,5
Alta,Sylvan Lake,Sylvan Lake (T),45,26,21,82,174
Alta,Sylvan Lake,Norglenwold (SV),3,0,0,0,3
Alta,Sylvan Lake,Total,53,26,21,82,182
Alta,Wetaskiwin,Wetaskiwin (CY),6,0,0,0,6
Alta,Wetaskiwin,Total,6,0,0,0,6
Alta,Total,Total,13864,2746,4525,14312,35447
B.C.,Abbotsford - Mission,Abbotsford (CY),260,6,38,275,579
B.C.,Abbotsford - Mission,Mission (DM),159,12,145,572,888
B.C.,Abbotsford - Mission,First Nations (Abbotsford-Mission) (R),0,0,0,0,0
B.C.,Abbotsford - Mission,Total,419,18,183,847,1467
B.C.,Kelowna,Kelowna (CY),369,54,522,1807,2752
B.C.,Kelowna,Central Okanagan (RDA),12,6,0,0,18
B.C.,Kelowna,Lake Country (DM),59,2,0,97,158
B.C.,Kelowna,Peachland (DM),19,0,5,10,34
B.C.,Kelowna,Central Okanagan West (RDA),34,0,0,0,34
B.C.,Kelowna,West Kelowna (DM),164,4,93,125,386
B.C.,Kelowna,First Nations (Kelowna) (R),0,0,0,0,0
B.C.,Kelowna,Total,657,66,620,2039,3382
B.C.,Vancouver,Langley (DM),355,96,384,1031,1866
B.C.,Vancouver,Langley (CY),3,0,0,419,422
B.C.,Vancouver,Surrey (CY),778,38,675,3549,5040
B.C.,Vancouver,White Rock (CY),27,0,0,24,51
B.C.,Vancouver,Delta (DM),214,12,55,213,494
B.C.,Vancouver,Richmond (CY),251,42,162,583,1038
B.C.,Vancouver,Greater Vancouver A (RDA),3,0,12,511,526
B.C.,Vancouver,Vancouver (CY),782,678,230,4221,5911
B.C.,Vancouver,Burnaby (CY),283,92,32,2630,3037
B.C.,Vancouver,New Westminster (CY),64,10,106,829,1009
B.C.,Vancouver,Coquitlam (CY),136,18,341,3113,3608
B.C.,Vancouver,Belcarra (VL),3,0,0,0,3
B.C.,Vancouver,Anmore (VL),7,0,0,0,7
B.C.,Vancouver,Port Coquitlam (CY),37,10,3,82,132
B.C.,Vancouver,Port Moody (CY),11,0,28,227,266
B.C.,Vancouver,North Vancouver (DM),66,0,0,126,192
B.C.,Vancouver,North Vancouver (CY),56,16,51,1413,1536
B.C.,Vancouver,West Vancouver (DM),86,0,4,32,122
B.C.,Vancouver,Bowen Island (IM),40,4,0,4,48
B.C.,Vancouver,Lions Bay (VL),2,0,0,0,2
B.C.,Vancouver,Pitt Meadows (CY),14,14,0,1,29
B.C.,Vancouver,Maple Ridge (CY),165,2,162,115,444
B.C.,Vancouver,First Nations (Vancouver) (R),9,6,20,165,200
B.C.,Vancouver,Total,3392,1038,2265,19288,25983
B.C.,Victoria,North Saanich (DM),22,0,0,5,27
B.C.,Victoria,Sidney (T),5,6,60,0,71
B.C.,Victoria,Central Saanich (DM),35,0,0,4,39
B.C.,Victoria,Saanich (DM),93,0,0,245,338
B.C.,Victoria,Oak Bay (DM),27,0,0,0,27
B.C.,Victoria,Victoria (CY),46,6,49,1626,1727
B.C.,Victoria,Esquimalt (DM),12,6,14,497,529
B.C.,Victoria,Colwood (CY),96,12,44,90,242
B.C.,Victoria,Metchosin (DM),6,0,0,1,7
B.C.,Victoria,Langford (CY),204,56,145,849,1254
B.C.,Victoria,View Royal (T),2,6,0,180,188
B.C.,Victoria,Highlands (DM),7,0,0,0,7
B.C.,Victoria,Sooke (DM),71,42,31,97,241
B.C.,Victoria,Juan de Fuca (RDA),37,4,0,5,46
B.C.,Victoria,First Nations (Victoria) (R),16,0,0,28,44
B.C.,Victoria,Total,679,138,343,3627,4787
B.C.,Chilliwack,Chilliwack (CY),173,12,65,493,743
B.C.,Chilliwack,Harrison Hot Springs (VL),12,0,0,28,40
B.C.,Chilliwack,Kent (DM),40,0,0,1,41
B.C.,Chilliwack,Fraser Valley D (RDA),6,0,0,0,6
B.C.,Chilliwack,Fraser Valley H (RDA),17,0,0,0,17
B.C.,Chilliwack,Fraser Valley E (RDA),2,0,0,0,2
B.C.,Chilliwack,First Nations (Chilliwack) (R),137,6,240,0,383
B.C.,Chilliwack,Total,387,18,305,522,1232
B.C.,Courtenay,Comox (T),17,4,19,55,95
B.C.,Courtenay,Courtenay (CY),84,10,42,105,241
B.C.,Courtenay,Comox Valley A (RDA),24,0,0,2,26
B.C.,Courtenay,Comox Valley B (Lazo North) (RDA),39,0,0,1,40
B.C.,Courtenay,First Nations (Courtenay) (R),0,0,0,0,0
B.C.,Courtenay,Total,164,14,61,163,402
B.C.,Kamloops,Logan Lake (DM),0,0,0,0,0
B.C.,Kamloops,Thompson-Nicola J (Copper Desert Country) (RDA),13,2,0,0,15
B.C.,Kamloops,Kamloops (CY),116,44,31,258,449
B.C.,Kamloops,Thompson-Nicola P (Rivers and the Peaks) (RDA),8,0,0,0,8
B.C.,Kamloops,Sun Peaks Mountain (VL),2,2,30,2,36
B.C.,Kamloops,Chase (VL),10,0,0,1,11
B.C.,Kamloops,First Nations (Kamloops) (R),3,0,0,0,3
B.C.,Kamloops,Total,152,48,61,261,522
B.C.,Nanaimo,Nanaimo (CY),177,14,48,847,1086
B.C.,Nanaimo,Lantzville (DM),44,0,0,8,52
B.C.,Nanaimo,Nanaimo A (RDA),25,0,0,2,27
B.C.,Nanaimo,Nanaimo C (RDA),15,0,0,4,19
B.C.,Nanaimo,First Nations (Nanaimo) (R),0,0,0,0,0
B.C.,Nanaimo,Total,261,14,48,861,1184
B.C.,Prince George,Prince George (CY),101,6,32,261,400
B.C.,Prince George,Fraser-Fort George A (RDA),16,0,0,0,16
B.C.,Prince George,Fraser-Fort George C (RDA),15,0,0,1,16
B.C.,Prince George,Fraser-Fort George D (RDA),15,0,0,1,16
B.C.,Prince George,Fraser-Fort George F (RDA),3,0,0,0,3
B.C.,Prince George,First Nations (Prince George) (R),0,0,0,0,0
B.C.,Prince George,Total,150,6,32,263,451
B.C.,Vernon,Coldstream (DM),13,6,0,1,20
B.C.,Vernon,Vernon (CY),119,22,91,125,357
B.C.,Vernon,North Okanagan B (RDA),7,0,0,0,7
B.C.,Vernon,North Okanagan C (RDA),31,22,0,7,60
B.C.,Vernon,First Nations (Vernon) (R),0,0,0,0,0
B.C.,Vernon,Total,170,50,91,133,444
B.C.,Saltspring Island RDA,Saltspring Island (RDA),50,2,0,0,52
B.C.,Saltspring Island RDA,Total,50,2,0,0,52
B.C.,Sechelt DM,Sechelt (DM),41,0,0,3,44
B.C.,Sechelt DM,Total,41,0,0,3,44
B.C.,Summerland DM,Summerland (DM),39,20,0,6,65
B.C.,Summerland DM,Total,39,20,0,6,65
B.C.,Whistler DM,Whistler DM,15,4,0,103,122
B.C.,Whistler DM,Total,15,4,0,103,122
B.C.,Campbell River,Campbell River (CY),58,28,0,142,228
B.C.,Campbell River,Strathcona D (Oyster Bay - Buttle Lake) (RDA),11,0,0,0,11
B.C.,Campbell River,Total,69,28,0,142,239
B.C.,Cranbrook,Cranbrook (CY),79,0,0,1,80
B.C.,Cranbrook,East Kootenay C (RDA),52,0,0,0,52
B.C.,Cranbrook,Total,131,0,0,1,132
B.C.,Dawson Creek,Dawson Creek (CY),3,0,0,0,3
B.C.,Dawson Creek,Total,3,0,0,0,3
B.C.,Duncan,North Cowichan (DM),63,10,45,338,456
B.C.,Duncan,Duncan (CY),2,0,0,48,50
B.C.,Duncan,Cowichan Valley D (RDA),22,6,13,4,45
B.C.,Duncan,Cowichan Valley E (RDA),8,0,0,0,8
B.C.,Duncan,First Nations (Duncan) (R),0,0,0,0,0
B.C.,Duncan,Total,95,16,58,390,559
B.C.,Fort St. John,Taylor (DM),3,0,0,0,3
B.C.,Fort St. John,Fort St. John (CY),29,8,0,10,47
B.C.,Fort St. John,Peace River C (RDA),10,0,0,0,10
B.C.,Fort St. John,Total,42,8,0,10,60
B.C.,Nelson,Nelson (CY),16,2,0,137,155
B.C.,Nelson,Central Kootenay E (RDA),12,0,0,0,12
B.C.,Nelson,Central Kootenay F (RDA),10,0,0,0,10
B.C.,Nelson,Total,38,2,0,137,177
B.C.,Parksville,Parksville (CY),64,20,15,55,154
B.C.,Parksville,Qualicum Beach (T),31,0,0,0,31
B.C.,Parksville,Nanaimo G (RDA),18,0,0,0,18
B.C.,Parksville,Total,113,20,15,55,203
B.C.,Penticton,Penticton (CY),61,28,15,218,322
B.C.,Penticton,Okanagan-Similkameen D (RDA),13,0,3,2,18
B.C.,Penticton,Okanagan-Similkameen F (RDA),7,0,0,0,7
B.C.,Penticton,First Nations (Penticton 1) (R),0,0,0,0,0
B.C.,Penticton,Total,81,28,18,220,347
B.C.,Port Alberni,Port Alberni (CY),33,4,36,170,243
B.C.,Port Alberni,Alberni-Clayoquot B (RDA),0,0,0,0,0
B.C.,Port Alberni,Alberni-Clayoquot D (RDA),11,0,0,0,11
B.C.,Port Alberni,Alberni-Clayoquot E (RDA),14,0,1,0,15
B.C.,Port Alberni,Alberni-Clayoquot F (RDA),4,0,0,0,4
B.C.,Port Alberni,Total,62,4,37,170,273
B.C.,Powell River,Powell River (CY),41,0,8,29,78
B.C.,Powell River,qathet B (RDA),0,0,0,0,0
B.C.,Powell River,qathet C (RDA),0,0,0,0,0
B.C.,Powell River,Total,41,0,8,29,78
B.C.,Prince Rupert,Port Edward (DM),1,0,0,0,1
B.C.,Prince Rupert,Prince Rupert (CY),5,4,6,1,16
B.C.,Prince Rupert,Total,6,4,6,1,17
B.C.,Quesnel,Quesnel (CY),12,2,0,0,14
B.C.,Quesnel,Cariboo A (RDA),11,0,0,0,11
B.C.,Quesnel,Cariboo B (RDA),11,0,0,0,11
B.C.,Quesnel,Wells (DM),0,0,0,0,0
B.C.,Quesnel,Cariboo C (RDA),0,0,0,0,0
B.C.,Quesnel,Cariboo I (RDA),2,0,0,0,2
B.C.,Quesnel,Total,36,2,0,0,38
B.C.,Salmon Arm,Salmon Arm (CY),86,2,6,14,108
B.C.,Salmon Arm,Total,86,2,6,14,108
B.C.,Squamish,Squamish (DM),84,34,11,437,566
B.C.,Squamish,Total,84,34,11,437,566
B.C.,Terrace,Terrace (CY),29,0,0,22,51
B.C.,Terrace,Kitimat-Stikine E (RDA),7,0,0,0,7
B.C.,Terrace,Total,36,0,0,22,58
B.C.,Williams Lake,Williams Lake (CY),13,0,0,83,96
B.C.,Williams Lake,Cariboo D (RDA),7,0,0,0,7
B.C.,Williams Lake,Cariboo E (RDA),8,0,0,0,8
B.C.,Williams Lake,Total,28,0,0,83,111
B.C.,Total,Total,7527,1584,4168,29827,43106
"Canada (10,000+)",Total,Total,57558,10312,28575,144145,240590
